"r","L_centered","L_lo","L_hi","Label","Modality"
0,0,0,0,"Bx2","RNA"
10.1010101010101,28.5797368813877,-10.1010101010101,8.7524950720991,"Bx2","RNA"
20.2020202020202,62.8975545571328,-12.4086234174861,9.09173326769501,"Bx2","RNA"
30.3030303030303,93.4195579232932,-11.2131848178746,10.3780883370361,"Bx2","RNA"
40.4040404040404,125.968143153341,-9.23045326590394,7.90575574271087,"Bx2","RNA"
50.5050505050505,152.196599672383,-8.53632441294218,9.31453386363158,"Bx2","RNA"
60.6060606060606,176.021103292708,-9.97821551490405,10.8377002067012,"Bx2","RNA"
70.7070707070707,203.542509936391,-8.76407851779837,9.60176987414489,"Bx2","RNA"
80.8080808080808,226.21083031683,-7.94097548901095,7.59239298061293,"Bx2","RNA"
90.9090909090909,249.951143124865,-8.68680847144145,7.0199055404322,"Bx2","RNA"
101.010101010101,273.490260882544,-6.63176595319634,7.60751393295779,"Bx2","RNA"
111.111111111111,293.827298156197,-8.30629230912186,8.05796123317077,"Bx2","RNA"
121.212121212121,315.015126189086,-7.92425328384989,8.31681426681793,"Bx2","RNA"
131.313131313131,338.466627272128,-8.46170399097895,8.62854894093439,"Bx2","RNA"
141.414141414141,363.024806559394,-8.04764914297272,8.05802844369455,"Bx2","RNA"
151.515151515152,386.282998181682,-7.91712898790354,9.58055217384043,"Bx2","RNA"
161.616161616162,408.889999592278,-7.65034494535456,11.1103658891774,"Bx2","RNA"
171.717171717172,430.392273396219,-7.59584089333327,12.8922753382772,"Bx2","RNA"
181.818181818182,450.504827727889,-8.47249876249762,13.453905973258,"Bx2","RNA"
191.919191919192,471.399265090786,-10.1365375530323,12.1964089410243,"Bx2","RNA"
202.020202020202,490.826735192513,-7.81681891122085,11.8934484271806,"Bx2","RNA"
212.121212121212,509.333482984721,-8.58800177279173,10.1376486675546,"Bx2","RNA"
222.222222222222,527.579362883017,-8.76803815872049,9.56592182673231,"Bx2","RNA"
232.323232323232,545.106021051984,-6.93121600717765,10.4277399339688,"Bx2","RNA"
242.424242424242,560.755595606633,-6.8574275544199,11.4978925732036,"Bx2","RNA"
252.525252525253,577.969683284039,-7.90800728048291,11.4339268777282,"Bx2","RNA"
262.626262626263,594.410291208526,-7.43524868774352,11.7599079741668,"Bx2","RNA"
272.727272727273,611.196889114958,-7.13164703903323,11.1219568046544,"Bx2","RNA"
282.828282828283,627.305939850821,-8.52500103837161,10.2606932177619,"Bx2","RNA"
292.929292929293,643.201047788691,-9.8361349634659,11.83260293456,"Bx2","RNA"
303.030303030303,657.471344750008,-8.90850842362551,12.0595821689362,"Bx2","RNA"
313.131313131313,671.690330973475,-8.66198238250473,12.2833865461213,"Bx2","RNA"
323.232323232323,683.942414293545,-8.37122450011702,13.2119314084403,"Bx2","RNA"
333.333333333333,696.723731230097,-7.94683332423455,14.1174603839783,"Bx2","RNA"
343.434343434343,710.49561152668,-7.70421938413853,14.1393919871874,"Bx2","RNA"
353.535353535354,724.012714637654,-8.28466760998515,13.5257673406341,"Bx2","RNA"
363.636363636364,737.955108014067,-8.27803766755807,13.9076275008785,"Bx2","RNA"
373.737373737374,749.891624507608,-8.83261676418437,14.0812233539042,"Bx2","RNA"
383.838383838384,759.98585695145,-9.22157287590835,13.6089906001799,"Bx2","RNA"
393.939393939394,770.762781750199,-9.15975271343308,16.4740937418158,"Bx2","RNA"
404.040404040404,779.938380308378,-8.8599683457411,15.9206489157455,"Bx2","RNA"
414.141414141414,790.21244895312,-8.47632529943826,15.119095406379,"Bx2","RNA"
424.242424242424,800.712256172544,-9.33883521268513,13.6405761454148,"Bx2","RNA"
434.343434343434,810.152251227398,-9.64791115337704,12.0421054735843,"Bx2","RNA"
444.444444444444,819.337803027931,-9.20224156382784,11.6791250466516,"Bx2","RNA"
454.545454545455,828.071383632166,-9.56669541993222,10.7509033186488,"Bx2","RNA"
464.646464646465,835.616835244619,-10.407176188429,10.5830239497998,"Bx2","RNA"
474.747474747475,843.265602863866,-9.6118664746528,10.8227156888975,"Bx2","RNA"
484.848484848485,851.485516369887,-8.10720802163132,9.58131814854875,"Bx2","RNA"
494.949494949495,858.754625317828,-8.19939087574966,8.82132356113561,"Bx2","RNA"
505.050505050505,864.749339973972,-8.31203830518575,9.96675261415118,"Bx2","RNA"
515.151515151515,870.26873860605,-8.08860759293356,9.38044774020864,"Bx2","RNA"
525.252525252525,876.548254927925,-7.24249672761084,10.1191626376609,"Bx2","RNA"
535.353535353535,882.100654332705,-7.23467750558029,9.65600233767668,"Bx2","RNA"
545.454545454545,887.708014671393,-7.18657401843484,9.96585772303126,"Bx2","RNA"
555.555555555556,892.277919244918,-7.76085115561966,9.79787148232049,"Bx2","RNA"
565.656565656566,897.054863461611,-7.01419223066125,10.5034046071371,"Bx2","RNA"
575.757575757576,901.880332751311,-7.46960572889202,9.63355431030595,"Bx2","RNA"
585.858585858586,907.391063646376,-7.57308460143815,10.4536503390367,"Bx2","RNA"
595.959595959596,912.238194211091,-8.17658936318355,9.5103758635679,"Bx2","RNA"
606.060606060606,917.534114203762,-8.36518311918098,10.7166878625756,"Bx2","RNA"
616.161616161616,922.699934977896,-8.38745550031012,9.36798444967826,"Bx2","RNA"
626.262626262626,928.420546245204,-7.76410970398547,9.59130470293042,"Bx2","RNA"
636.363636363636,933.211562706023,-8.56051155761645,9.07361726159934,"Bx2","RNA"
646.464646464646,937.601141770173,-8.81038896456687,9.69842482101501,"Bx2","RNA"
656.565656565656,941.927984185058,-7.72474074602098,9.086000708254,"Bx2","RNA"
666.666666666667,946.256955877434,-7.9632407433254,9.15819844013106,"Bx2","RNA"
676.767676767677,948.849322121864,-7.55048168486906,8.36373028837033,"Bx2","RNA"
686.868686868687,952.723467712184,-8.17596332254357,8.64258944019059,"Bx2","RNA"
696.969696969697,956.441560038371,-8.59029709279127,8.63563874947465,"Bx2","RNA"
707.070707070707,959.938886694157,-9.21253895576444,8.80055872666765,"Bx2","RNA"
717.171717171717,962.835810054089,-9.69755354269614,8.26156142877244,"Bx2","RNA"
727.272727272727,965.645206190529,-9.94655591618334,8.80654673426932,"Bx2","RNA"
737.373737373737,968.894121682551,-9.10842061601159,10.3883497650963,"Bx2","RNA"
747.474747474747,971.260572741676,-9.98491615310218,10.2729484119392,"Bx2","RNA"
757.575757575758,974.04743294117,-10.0418606349367,10.3022081839571,"Bx2","RNA"
767.676767676768,977.466908520782,-9.30487231117195,10.764739989677,"Bx2","RNA"
777.777777777778,980.503737075463,-9.14007899401952,10.5994853436691,"Bx2","RNA"
787.878787878788,983.495395494436,-9.02277310624345,9.78865666417801,"Bx2","RNA"
797.979797979798,986.17455386091,-9.83477741403635,9.30094749970567,"Bx2","RNA"
808.080808080808,988.960635610481,-9.45991147803318,10.1253831732924,"Bx2","RNA"
818.181818181818,991.587241140926,-9.79341694042648,10.0266817523808,"Bx2","RNA"
828.282828282828,994.798840903121,-10.0951385482985,10.3519651073481,"Bx2","RNA"
838.383838383838,996.721784263998,-9.74285833405361,11.0002866778267,"Bx2","RNA"
848.484848484848,998.384270374064,-10.9481351602034,10.9554927792536,"Bx2","RNA"
858.585858585859,1000.63187815493,-10.9828315161683,12.0490149619357,"Bx2","RNA"
868.686868686869,1002.63198228025,-9.94249301835464,11.8833692032057,"Bx2","RNA"
878.787878787879,1004.3837953266,-10.0275728578645,11.4608208672399,"Bx2","RNA"
888.888888888889,1006.09968856799,-10.0628510970096,10.8100795754787,"Bx2","RNA"
898.989898989899,1007.60973850582,-9.19398531007243,10.7792594137209,"Bx2","RNA"
909.090909090909,1008.51221836033,-9.1735371565693,10.0811730297457,"Bx2","RNA"
919.191919191919,1010.02530059448,-10.0055115947262,10.7607590723693,"Bx2","RNA"
929.292929292929,1011.66537320968,-10.2279335561498,10.7817655924833,"Bx2","RNA"
939.393939393939,1013.02815063628,-10.4905605539745,10.5072030378735,"Bx2","RNA"
949.494949494949,1014.31572313787,-11.0684490942017,10.9893319639319,"Bx2","RNA"
959.59595959596,1016.7215771369,-10.8648801390536,10.4534106717964,"Bx2","RNA"
969.69696969697,1018.52575772365,-10.204446267213,10.9811801260695,"Bx2","RNA"
979.79797979798,1020.06224579567,-10.3959990644173,10.8010103944581,"Bx2","RNA"
989.89898989899,1021.56729579145,-9.72403852464674,10.5111495648001,"Bx2","RNA"
1000,1023.11485034512,-9.43452113871103,10.7443005511377,"Bx2","RNA"
0,0,0,0,"Bx4","RNA"
10.1010101010101,14.5073087296313,-10.1010101010101,6.4140626405324,"Bx4","RNA"
20.2020202020202,30.4778509118619,-5.50703609462436,6.64631337670399,"Bx4","RNA"
30.3030303030303,45.4760435096649,-5.75312595205803,5.76840467063117,"Bx4","RNA"
40.4040404040404,58.3469332442585,-6.90119227431173,6.26326318473502,"Bx4","RNA"
50.5050505050505,71.1712687236627,-7.20517216690059,4.60851355139496,"Bx4","RNA"
60.6060606060606,85.2703882510792,-6.01388101870727,6.76107621672357,"Bx4","RNA"
70.7070707070707,98.3126095113447,-6.94047212740163,6.23864095875462,"Bx4","RNA"
80.8080808080808,111.88556273196,-4.42379769385647,6.18446473275372,"Bx4","RNA"
90.9090909090909,123.725968394733,-5.53952365463604,5.64782086024964,"Bx4","RNA"
101.010101010101,135.665135006067,-5.42680504643589,5.48681037506417,"Bx4","RNA"
111.111111111111,145.986687688201,-4.59800639815349,5.27636105833643,"Bx4","RNA"
121.212121212121,157.280686953092,-4.30876066882013,5.10485328891838,"Bx4","RNA"
131.313131313131,169.259135954903,-5.22488339546344,5.35782247447295,"Bx4","RNA"
141.414141414141,178.83731864209,-5.45781935537298,4.99200672673285,"Bx4","RNA"
151.515151515152,189.879831109291,-6.3975920830693,5.48119097806091,"Bx4","RNA"
161.616161616162,200.694241773546,-6.43918725258547,5.41341187040186,"Bx4","RNA"
171.717171717172,211.843657226989,-6.13825382720907,4.95147489043043,"Bx4","RNA"
181.818181818182,221.356985791422,-6.56278760883475,4.97983651722527,"Bx4","RNA"
191.919191919192,231.248584986056,-6.85886929787424,5.58312223057868,"Bx4","RNA"
202.020202020202,241.678058333515,-7.29665298475786,5.5646108578085,"Bx4","RNA"
212.121212121212,250.414295711526,-8.11815686383096,5.82504557033062,"Bx4","RNA"
222.222222222222,261.406488558324,-9.99135401361062,5.61166099088342,"Bx4","RNA"
232.323232323232,270.418088747673,-9.41567103598234,5.57012907247304,"Bx4","RNA"
242.424242424242,278.609934545951,-8.53681962653232,6.14913775491794,"Bx4","RNA"
252.525252525253,288.498223224271,-9.44344083112256,5.7897460405517,"Bx4","RNA"
262.626262626263,296.322445273603,-9.34005641446203,6.39404018984521,"Bx4","RNA"
272.727272727273,304.451849828075,-7.91756909439977,6.42289481615052,"Bx4","RNA"
282.828282828283,313.090504061365,-7.31474340413774,6.6758582408736,"Bx4","RNA"
292.929292929293,320.455504175131,-7.68633488513188,6.34102339520962,"Bx4","RNA"
303.030303030303,328.748530087159,-7.67841161955499,5.93894721071399,"Bx4","RNA"
313.131313131313,335.521546591959,-7.60128533629495,5.86477623704104,"Bx4","RNA"
323.232323232323,343.117786786303,-8.08888849279606,6.02971582463499,"Bx4","RNA"
333.333333333333,350.445825429459,-6.92712993006711,5.72521212362506,"Bx4","RNA"
343.434343434343,357.335569679737,-7.18190358279952,5.97669893068075,"Bx4","RNA"
353.535353535354,363.063201831404,-6.63539024372341,6.2805008941628,"Bx4","RNA"
363.636363636364,368.113109729334,-6.46712448524346,6.39526865442241,"Bx4","RNA"
373.737373737374,373.802721092431,-5.34576927362815,5.77685904539698,"Bx4","RNA"
383.838383838384,379.258127026852,-5.97543624363959,6.00067676708653,"Bx4","RNA"
393.939393939394,383.657873498825,-5.76119945985164,6.13330036675643,"Bx4","RNA"
404.040404040404,388.869780707247,-5.90900822041249,5.25708616655197,"Bx4","RNA"
414.141414141414,393.765165745746,-5.02935774014384,5.17526336164764,"Bx4","RNA"
424.242424242424,398.127679542896,-4.67975651103245,5.17300518892642,"Bx4","RNA"
434.343434343434,401.950297983999,-5.15373732697935,5.63072092719767,"Bx4","RNA"
444.444444444444,407.324134512047,-5.56758646537895,6.19797577214382,"Bx4","RNA"
454.545454545455,412.608993530835,-6.30226202703045,6.57579586286136,"Bx4","RNA"
464.646464646465,416.890494927089,-5.73310459938278,7.449988382865,"Bx4","RNA"
474.747474747475,421.058576883326,-5.6177315878756,7.59416760649509,"Bx4","RNA"
484.848484848485,425.287774676182,-6.36328301766741,7.63548097624357,"Bx4","RNA"
494.949494949495,429.341089312428,-6.02324260499984,6.83297803821409,"Bx4","RNA"
505.050505050505,432.704200610172,-5.73681019299113,7.89777732590886,"Bx4","RNA"
515.151515151515,436.689696946396,-4.903710011557,7.19222944236367,"Bx4","RNA"
525.252525252525,439.469141891631,-4.32077986068225,7.27342192296373,"Bx4","RNA"
535.353535353535,442.973649810363,-4.5650391092031,7.30592204504012,"Bx4","RNA"
545.454545454545,445.794950111904,-5.75998770220554,7.38996247210878,"Bx4","RNA"
555.555555555556,448.479558771668,-6.15770785016571,8.3252152780384,"Bx4","RNA"
565.656565656566,450.759156394458,-6.47439622438344,8.31219419130082,"Bx4","RNA"
575.757575757576,453.12655454668,-6.34625931228027,8.40999954893152,"Bx4","RNA"
585.858585858586,455.297636252761,-6.16227288867037,7.91448824254655,"Bx4","RNA"
595.959595959596,457.246120676508,-5.60490630490176,8.64915576480178,"Bx4","RNA"
606.060606060606,458.885611129289,-4.81052189164154,8.99939423217984,"Bx4","RNA"
616.161616161616,460.649338376416,-4.90958944466695,8.64647886625039,"Bx4","RNA"
626.262626262626,462.181489518568,-5.51057012627564,8.40080118816661,"Bx4","RNA"
636.363636363636,463.027383243101,-5.70738910209388,7.92169619200331,"Bx4","RNA"
646.464646464646,463.942167995275,-5.35150552510447,8.42645132061091,"Bx4","RNA"
656.565656565656,465.133540103586,-5.50460277330671,8.9551119011478,"Bx4","RNA"
666.666666666667,465.938501575487,-5.9045758686342,8.21846444632308,"Bx4","RNA"
676.767676767677,466.083574218397,-5.67515476947858,7.63403423525256,"Bx4","RNA"
686.868686868687,466.401066035259,-4.98614828949496,8.373573489916,"Bx4","RNA"
696.969696969697,466.073507682938,-4.74909196453723,8.2683132194818,"Bx4","RNA"
707.070707070707,466.358912468396,-5.07264326302288,8.13093109916417,"Bx4","RNA"
717.171717171717,466.072016550061,-5.42955620797534,8.43466248918094,"Bx4","RNA"
727.272727272727,465.730588411599,-6.43947402740105,8.11290145734665,"Bx4","RNA"
737.373737373737,465.510437177276,-7.18780637181612,7.97745764973251,"Bx4","RNA"
747.474747474747,464.818868806282,-7.61504193963845,7.50548395553335,"Bx4","RNA"
757.575757575758,464.581249029895,-7.60552105200986,7.65779346920624,"Bx4","RNA"
767.676767676768,464.272384791986,-7.57112179140188,7.57451368770592,"Bx4","RNA"
777.777777777778,463.680717142761,-7.84887609145756,8.43075064901905,"Bx4","RNA"
787.878787878788,462.970580972466,-6.85245105916204,8.89887585893609,"Bx4","RNA"
797.979797979798,462.49818697781,-7.09809750815896,8.33976341635298,"Bx4","RNA"
808.080808080808,462.054431099483,-7.42162705139117,8.10169098699316,"Bx4","RNA"
818.181818181818,461.66322386833,-7.4893866930114,8.09183102738643,"Bx4","RNA"
828.282828282828,460.735403296481,-7.16734136942614,8.29670377735818,"Bx4","RNA"
838.383838383838,459.995222154655,-7.51657198889325,8.5434689679638,"Bx4","RNA"
848.484848484848,459.445507105922,-7.33133534787055,8.35350891300209,"Bx4","RNA"
858.585858585859,459.197447341735,-7.64691812897559,8.45021165800324,"Bx4","RNA"
868.686868686869,458.831522320674,-7.62432359853108,8.87192481624436,"Bx4","RNA"
878.787878787879,458.171062049094,-7.19235909525787,8.77966736950225,"Bx4","RNA"
888.888888888889,457.217462635768,-6.95818033349747,9.32824462858036,"Bx4","RNA"
898.989898989899,455.797346074202,-7.69732150574589,9.25076385410102,"Bx4","RNA"
909.090909090909,454.980447364508,-7.32718467426594,8.78335756378033,"Bx4","RNA"
919.191919191919,453.635404922308,-7.04079496439272,9.03588462359403,"Bx4","RNA"
929.292929292929,452.563886496004,-7.47988309154334,8.7947735206086,"Bx4","RNA"
939.393939393939,451.392922290507,-8.31537218470964,8.87791537898909,"Bx4","RNA"
949.494949494949,450.583810241537,-8.83968777333303,9.13031871734472,"Bx4","RNA"
959.59595959596,449.176639111209,-9.78768208275051,9.56956474936544,"Bx4","RNA"
969.69696969697,447.660442075672,-9.58100276116829,9.74265470967907,"Bx4","RNA"
979.79797979798,446.851331762228,-9.18148558195719,9.73766349977132,"Bx4","RNA"
989.89898989899,445.585198867232,-8.91537679205226,9.53040531835677,"Bx4","RNA"
1000,444.208127380481,-9.73994114110974,9.58076216372399,"Bx4","RNA"
0,0,0,0,"Bx2","Protein (CD3+)"
10.1010101010101,89.9193182368655,-4.74751795501566,2.68885886586953,"Bx2","Protein (CD3+)"
20.2020202020202,164.87466625954,-3.2727915848551,2.54328036368328,"Bx2","Protein (CD3+)"
30.3030303030303,225.142511826794,-3.31811899438523,3.01024117785683,"Bx2","Protein (CD3+)"
40.4040404040404,279.499509758418,-2.9764444455651,2.70467746587207,"Bx2","Protein (CD3+)"
50.5050505050505,329.93552479335,-4.18934985062481,2.5413451894407,"Bx2","Protein (CD3+)"
60.6060606060606,375.873240287257,-3.41882810940432,2.31346828222527,"Bx2","Protein (CD3+)"
70.7070707070707,418.728996243906,-4.45029779242469,3.27029120276285,"Bx2","Protein (CD3+)"
80.8080808080808,458.642409833896,-3.54259531325366,3.63774670895307,"Bx2","Protein (CD3+)"
90.9090909090909,496.763575037955,-3.4250744658905,3.7170178523611,"Bx2","Protein (CD3+)"
101.010101010101,534.169717734335,-3.08335156826762,3.21130100324142,"Bx2","Protein (CD3+)"
111.111111111111,570.649962835546,-3.35434075541268,3.86097436596521,"Bx2","Protein (CD3+)"
121.212121212121,606.232458224862,-3.28133089504982,4.6959070403969,"Bx2","Protein (CD3+)"
131.313131313131,640.724305655124,-3.2764603728321,4.84866880699056,"Bx2","Protein (CD3+)"
141.414141414141,675.223672177357,-3.42824086501872,4.10982380801377,"Bx2","Protein (CD3+)"
151.515151515152,709.119212806453,-3.97653300267791,3.97766858923109,"Bx2","Protein (CD3+)"
161.616161616162,742.77300606718,-3.65023482944625,4.45276913025489,"Bx2","Protein (CD3+)"
171.717171717172,775.85469660188,-3.19063225836354,4.66611511897821,"Bx2","Protein (CD3+)"
181.818181818182,807.116998997553,-3.16749741398365,5.527737983598,"Bx2","Protein (CD3+)"
191.919191919192,837.397552444487,-3.69973054783162,6.24921434271778,"Bx2","Protein (CD3+)"
202.020202020202,865.675168029659,-2.91522080294007,5.61669527811898,"Bx2","Protein (CD3+)"
212.121212121212,892.549998282161,-2.58186626208791,5.63541908592777,"Bx2","Protein (CD3+)"
222.222222222222,917.948272963534,-2.69014637606074,5.68211284426846,"Bx2","Protein (CD3+)"
232.323232323232,943.037539282395,-2.88225272925149,6.03123257726111,"Bx2","Protein (CD3+)"
242.424242424242,966.025378612082,-2.80671133178643,5.6770535676163,"Bx2","Protein (CD3+)"
252.525252525253,988.484363231452,-2.99704326974853,5.25256271124218,"Bx2","Protein (CD3+)"
262.626262626263,1009.89478874787,-3.43706091875151,5.21347550646999,"Bx2","Protein (CD3+)"
272.727272727273,1030.52537344585,-3.2133012275429,5.37716560296127,"Bx2","Protein (CD3+)"
282.828282828283,1049.95306762114,-3.13226660398101,5.17407875751496,"Bx2","Protein (CD3+)"
292.929292929293,1068.91384822315,-3.16026354410752,5.16463754703625,"Bx2","Protein (CD3+)"
303.030303030303,1088.1502760708,-3.39743650811346,4.65931582375572,"Bx2","Protein (CD3+)"
313.131313131313,1105.9157016094,-3.56707919957421,4.64579790367321,"Bx2","Protein (CD3+)"
323.232323232323,1123.09090626329,-3.53483671550197,4.36639933103606,"Bx2","Protein (CD3+)"
333.333333333333,1139.65074784202,-3.15123207254925,4.69905035391577,"Bx2","Protein (CD3+)"
343.434343434343,1155.40323108167,-3.09603537710206,4.66442702853067,"Bx2","Protein (CD3+)"
353.535353535354,1169.70620411795,-3.59194916267745,4.67665698987793,"Bx2","Protein (CD3+)"
363.636363636364,1182.70654340596,-3.06278372228746,4.43714168751154,"Bx2","Protein (CD3+)"
373.737373737374,1194.42722873266,-3.13991131290561,4.33792623674753,"Bx2","Protein (CD3+)"
383.838383838384,1205.40012033566,-3.44615780017546,3.92807944207499,"Bx2","Protein (CD3+)"
393.939393939394,1215.46140664376,-3.31357636705775,3.59949804130167,"Bx2","Protein (CD3+)"
404.040404040404,1225.08119097796,-3.52056914978033,3.86957466851618,"Bx2","Protein (CD3+)"
414.141414141414,1233.4781902218,-3.34065625670917,4.10406030435541,"Bx2","Protein (CD3+)"
424.242424242424,1241.16217910903,-3.61388511432034,3.75142281808633,"Bx2","Protein (CD3+)"
434.343434343434,1248.17234742296,-3.17397395538825,4.30174495091404,"Bx2","Protein (CD3+)"
444.444444444444,1254.93245058482,-2.9512304142055,3.91712325360481,"Bx2","Protein (CD3+)"
454.545454545455,1261.48051344241,-3.06745853063217,3.82880788204346,"Bx2","Protein (CD3+)"
464.646464646465,1267.404428688,-2.90965953148128,3.62609167186082,"Bx2","Protein (CD3+)"
474.747474747475,1273.60146890814,-3.17864516556818,3.85291078672458,"Bx2","Protein (CD3+)"
484.848484848485,1278.95296645331,-3.13582088644506,3.81054726577867,"Bx2","Protein (CD3+)"
494.949494949495,1283.70178484685,-3.04662254181551,3.87435994436328,"Bx2","Protein (CD3+)"
505.050505050505,1287.52627112312,-3.45063789423006,4.30041345044151,"Bx2","Protein (CD3+)"
515.151515151515,1290.826914619,-3.01161650623317,4.27437334836225,"Bx2","Protein (CD3+)"
525.252525252525,1293.73062336222,-3.30882843101529,4.01372107834618,"Bx2","Protein (CD3+)"
535.353535353535,1296.17806214209,-3.52443121906038,3.90454951843014,"Bx2","Protein (CD3+)"
545.454545454545,1298.2296298158,-3.62767766322725,4.1249449380017,"Bx2","Protein (CD3+)"
555.555555555556,1299.62428292788,-3.83165480916387,4.02325261694943,"Bx2","Protein (CD3+)"
565.656565656566,1300.99494575841,-3.68143358270913,4.31476603945305,"Bx2","Protein (CD3+)"
575.757575757576,1301.81027589264,-3.40856001821862,4.05193372194117,"Bx2","Protein (CD3+)"
585.858585858586,1302.40308343571,-3.47793525001089,3.72003277887995,"Bx2","Protein (CD3+)"
595.959595959596,1302.99650993321,-3.21150363563299,3.92057446414663,"Bx2","Protein (CD3+)"
606.060606060606,1303.33183709588,-3.05492151842304,3.84478818330376,"Bx2","Protein (CD3+)"
616.161616161616,1302.90558048887,-3.03791598711689,3.577919609525,"Bx2","Protein (CD3+)"
626.262626262626,1301.97609168932,-3.00143711837586,3.65765510846006,"Bx2","Protein (CD3+)"
636.363636363636,1300.84355174289,-3.02177307048726,3.50810559836623,"Bx2","Protein (CD3+)"
646.464646464646,1299.34660892489,-3.05823479689093,3.52860254994357,"Bx2","Protein (CD3+)"
656.565656565656,1297.73002376217,-3.24683651214423,3.77001396651292,"Bx2","Protein (CD3+)"
666.666666666667,1296.66481060773,-3.0926122937725,3.69032074980396,"Bx2","Protein (CD3+)"
676.767676767677,1295.86793137871,-2.92637194881365,3.2079546163859,"Bx2","Protein (CD3+)"
686.868686868687,1294.73473973795,-3.09646566133085,3.27583500800074,"Bx2","Protein (CD3+)"
696.969696969697,1293.86169134955,-3.09981069285061,3.31847182011734,"Bx2","Protein (CD3+)"
707.070707070707,1293.84301569744,-3.21600289102525,3.33600939430573,"Bx2","Protein (CD3+)"
717.171717171717,1294.16002200206,-3.28616182762198,3.61915470215365,"Bx2","Protein (CD3+)"
727.272727272727,1294.5196094887,-3.67862146491996,3.72020448508272,"Bx2","Protein (CD3+)"
737.373737373737,1295.0569904681,-3.57053193883166,4.12007326695709,"Bx2","Protein (CD3+)"
747.474747474747,1295.85623827314,-3.44464812651324,3.97130500913204,"Bx2","Protein (CD3+)"
757.575757575758,1296.44576819658,-3.50459920626997,3.78476565989149,"Bx2","Protein (CD3+)"
767.676767676768,1296.87876931503,-3.48580274768676,3.60571171385322,"Bx2","Protein (CD3+)"
777.777777777778,1297.6294024719,-3.43674383555651,3.62625102451591,"Bx2","Protein (CD3+)"
787.878787878788,1298.25441857756,-3.32194593557676,3.55819828259291,"Bx2","Protein (CD3+)"
797.979797979798,1298.82186000863,-3.50143072227422,3.63736075939823,"Bx2","Protein (CD3+)"
808.080808080808,1299.42065264619,-3.75937306632454,3.72140165416363,"Bx2","Protein (CD3+)"
818.181818181818,1300.35738688888,-3.96827563060333,3.77957052098986,"Bx2","Protein (CD3+)"
828.282828282828,1300.92569871501,-3.80133068864654,3.73919053021928,"Bx2","Protein (CD3+)"
838.383838383838,1301.59404280908,-4.167022844082,3.54707073851898,"Bx2","Protein (CD3+)"
848.484848484848,1301.83952117978,-4.06515831850174,3.69681249229438,"Bx2","Protein (CD3+)"
858.585858585859,1301.83012797779,-4.57519019229596,4.20527512160834,"Bx2","Protein (CD3+)"
868.686868686869,1301.84761521474,-4.57416143555452,3.91890368004726,"Bx2","Protein (CD3+)"
878.787878787879,1301.70768519728,-4.49481514571551,4.16303613863306,"Bx2","Protein (CD3+)"
888.888888888889,1301.40395869995,-4.25957278076783,4.61461713404708,"Bx2","Protein (CD3+)"
898.989898989899,1301.18884259885,-4.65723265821146,4.79701387389912,"Bx2","Protein (CD3+)"
909.090909090909,1301.83163712645,-5.02914362240904,4.60582137623976,"Bx2","Protein (CD3+)"
919.191919191919,1303.12517185313,-5.12399664929592,4.51446067949439,"Bx2","Protein (CD3+)"
929.292929292929,1304.5196845084,-5.3380405335239,4.77516429076172,"Bx2","Protein (CD3+)"
939.393939393939,1306.51886976114,-5.34491954363057,4.46293335317739,"Bx2","Protein (CD3+)"
949.494949494949,1308.14186146517,-5.50452973312179,4.44270955965317,"Bx2","Protein (CD3+)"
959.59595959596,1309.5530977544,-5.29936986004986,4.67842454985566,"Bx2","Protein (CD3+)"
969.69696969697,1310.73511248105,-5.03826306178462,4.42513185252301,"Bx2","Protein (CD3+)"
979.79797979798,1311.84401523939,-5.09268108744709,4.19079866262791,"Bx2","Protein (CD3+)"
989.89898989899,1312.32285208317,-4.91079398740249,4.21024426330212,"Bx2","Protein (CD3+)"
1000,1313.81353173077,-4.90401153625896,4.29846273444855,"Bx2","Protein (CD3+)"
0,0,0,0,"Bx4","Protein (CD3+)"
10.1010101010101,67.8227639877607,-2.83889472713739,2.25645529054269,"Bx4","Protein (CD3+)"
20.2020202020202,115.491359915837,-2.10540971086306,2.273183098292,"Bx4","Protein (CD3+)"
30.3030303030303,151.562600002667,-2.58496010134415,2.25219887346045,"Bx4","Protein (CD3+)"
40.4040404040404,184.233164207355,-3.30171186492763,2.7550211490645,"Bx4","Protein (CD3+)"
50.5050505050505,214.197408021005,-2.21952601714897,3.10671533934963,"Bx4","Protein (CD3+)"
60.6060606060606,240.963622438173,-2.41633218773883,2.87432921345992,"Bx4","Protein (CD3+)"
70.7070707070707,266.510856675113,-2.88886822081922,2.43985033945866,"Bx4","Protein (CD3+)"
80.8080808080808,290.615264439782,-2.5255794987843,2.0712171469672,"Bx4","Protein (CD3+)"
90.9090909090909,313.304596102693,-2.30944506349748,2.27217500012807,"Bx4","Protein (CD3+)"
101.010101010101,335.428777088976,-2.96144272686102,2.32589330023032,"Bx4","Protein (CD3+)"
111.111111111111,356.425637982125,-2.90747733079304,2.42384334766508,"Bx4","Protein (CD3+)"
121.212121212121,375.30420839597,-2.8921394045144,2.54429786110104,"Bx4","Protein (CD3+)"
131.313131313131,393.076406865851,-3.37214937818447,2.42563398426816,"Bx4","Protein (CD3+)"
141.414141414141,410.728246683732,-2.91273417940954,2.84219010107299,"Bx4","Protein (CD3+)"
151.515151515152,428.096885016039,-2.89988892450762,2.80417240801435,"Bx4","Protein (CD3+)"
161.616161616162,445.10394477569,-2.87513115252202,2.63395441975081,"Bx4","Protein (CD3+)"
171.717171717172,461.999345615691,-3.36754184428213,2.56812031270454,"Bx4","Protein (CD3+)"
181.818181818182,478.337899654833,-3.57494545632986,3.15222154199142,"Bx4","Protein (CD3+)"
191.919191919192,494.002767484222,-3.6513698246884,3.65956465383877,"Bx4","Protein (CD3+)"
202.020202020202,507.940754419786,-3.28129443042829,3.72313087319952,"Bx4","Protein (CD3+)"
212.121212121212,520.437389832718,-3.05326601632635,3.44680406371171,"Bx4","Protein (CD3+)"
222.222222222222,531.55594695962,-2.99705035853137,3.24189385316629,"Bx4","Protein (CD3+)"
232.323232323232,540.931048881074,-2.75024022767363,3.06267775809852,"Bx4","Protein (CD3+)"
242.424242424242,549.50543175291,-2.54723701091629,2.919313634563,"Bx4","Protein (CD3+)"
252.525252525253,557.44012850818,-2.51626755629161,3.04142797517534,"Bx4","Protein (CD3+)"
262.626262626263,565.17065415539,-2.76262245691703,2.96314628152402,"Bx4","Protein (CD3+)"
272.727272727273,572.682629542733,-2.50703857957888,3.42664806752515,"Bx4","Protein (CD3+)"
282.828282828283,579.343525852687,-2.25141814108952,3.53811462666692,"Bx4","Protein (CD3+)"
292.929292929293,585.050401064932,-2.18685133841939,2.99484528715976,"Bx4","Protein (CD3+)"
303.030303030303,590.073312496426,-1.98913361344353,2.59578231000086,"Bx4","Protein (CD3+)"
313.131313131313,594.90753944785,-1.88139798187069,2.90585677332143,"Bx4","Protein (CD3+)"
323.232323232323,599.867113451983,-1.98057965977375,3.04725101013133,"Bx4","Protein (CD3+)"
333.333333333333,604.529021472718,-2.25716923718642,3.41757927353393,"Bx4","Protein (CD3+)"
343.434343434343,608.80857858178,-2.10066979870237,3.21713946066211,"Bx4","Protein (CD3+)"
353.535353535354,612.600302406423,-2.43232638672123,3.56406516973357,"Bx4","Protein (CD3+)"
363.636363636364,616.013313507884,-2.42811603148476,3.60229349119697,"Bx4","Protein (CD3+)"
373.737373737374,619.495300894119,-2.19274530195059,3.37544625117897,"Bx4","Protein (CD3+)"
383.838383838384,622.468956516421,-2.47964656920419,3.27243979093441,"Bx4","Protein (CD3+)"
393.939393939394,625.283380076529,-2.83225310243347,3.27960797813842,"Bx4","Protein (CD3+)"
404.040404040404,628.04445283947,-2.8181535599382,3.46724795037545,"Bx4","Protein (CD3+)"
414.141414141414,630.796119386789,-2.87836514009655,3.55142547179094,"Bx4","Protein (CD3+)"
424.242424242424,633.290058773543,-2.85106805357361,3.89736191434031,"Bx4","Protein (CD3+)"
434.343434343434,635.548271107298,-3.22210522462223,3.67547024157341,"Bx4","Protein (CD3+)"
444.444444444444,637.557553004611,-3.38084538815224,3.56972873725374,"Bx4","Protein (CD3+)"
454.545454545455,639.720290807601,-3.22807109130093,3.67964033254884,"Bx4","Protein (CD3+)"
464.646464646465,641.876607773402,-3.11165818591718,3.38991647343101,"Bx4","Protein (CD3+)"
474.747474747475,643.91284307468,-3.08411861986434,3.18562754023986,"Bx4","Protein (CD3+)"
484.848484848485,645.407747614579,-2.96676015828632,2.99325715542534,"Bx4","Protein (CD3+)"
494.949494949495,646.929707482156,-3.00191307256813,2.62814725883572,"Bx4","Protein (CD3+)"
505.050505050505,648.635451819375,-3.43742930985451,2.85551879559966,"Bx4","Protein (CD3+)"
515.151515151515,650.679623301993,-3.08494452663911,3.10511336295963,"Bx4","Protein (CD3+)"
525.252525252525,653.121043269034,-2.94091678450036,3.05319298868039,"Bx4","Protein (CD3+)"
535.353535353535,655.712587058902,-2.65465996172577,2.83702586727384,"Bx4","Protein (CD3+)"
545.454545454545,659.061168682011,-2.80450747699558,2.84558585580521,"Bx4","Protein (CD3+)"
555.555555555556,662.594040121102,-2.74327520446911,3.21216731725758,"Bx4","Protein (CD3+)"
565.656565656566,665.725279571695,-2.68472012068582,3.03730738052013,"Bx4","Protein (CD3+)"
575.757575757576,668.653146326675,-2.93066993862703,2.93563245099187,"Bx4","Protein (CD3+)"
585.858585858586,671.242792026482,-2.59566648013981,2.96270842778245,"Bx4","Protein (CD3+)"
595.959595959596,673.785716106386,-2.68533283209592,2.8359511050852,"Bx4","Protein (CD3+)"
606.060606060606,676.147186279402,-2.87379764773732,3.0903486224156,"Bx4","Protein (CD3+)"
616.161616161616,677.746238897819,-2.98239985794169,3.19890253765345,"Bx4","Protein (CD3+)"
626.262626262626,678.765037541284,-3.26624908974964,3.24970669201571,"Bx4","Protein (CD3+)"
636.363636363636,679.70199797635,-3.31973420901477,3.66740827072806,"Bx4","Protein (CD3+)"
646.464646464646,681.374224379167,-3.04315218108252,3.62052343971368,"Bx4","Protein (CD3+)"
656.565656565656,682.824662669329,-3.09518276798701,3.78857931524635,"Bx4","Protein (CD3+)"
666.666666666667,684.194120575541,-3.29731672039486,3.75703505096294,"Bx4","Protein (CD3+)"
676.767676767677,685.220024109408,-3.7706003908462,3.45134135580986,"Bx4","Protein (CD3+)"
686.868686868687,686.334803889995,-3.57365203248969,3.55184478052092,"Bx4","Protein (CD3+)"
696.969696969697,687.17468909988,-3.5569912320334,3.60883403959497,"Bx4","Protein (CD3+)"
707.070707070707,688.153644128958,-3.72237675671352,3.91502859507216,"Bx4","Protein (CD3+)"
717.171717171717,689.268526393107,-3.6003332125199,3.84155989047395,"Bx4","Protein (CD3+)"
727.272727272727,690.276669003736,-3.40739358347412,3.81350189662555,"Bx4","Protein (CD3+)"
737.373737373737,691.307868541055,-3.08153387683615,3.70405084064089,"Bx4","Protein (CD3+)"
747.474747474747,692.115567436253,-3.3731389980552,3.67447538659405,"Bx4","Protein (CD3+)"
757.575757575758,692.523407946041,-3.24209618724444,3.72810019988844,"Bx4","Protein (CD3+)"
767.676767676768,692.859705352295,-3.14291959732043,3.7354568154949,"Bx4","Protein (CD3+)"
777.777777777778,693.262863079249,-2.87299294687864,3.43442995507382,"Bx4","Protein (CD3+)"
787.878787878788,693.562752680129,-3.02423281653523,3.76595926534822,"Bx4","Protein (CD3+)"
797.979797979798,693.553436976315,-3.50620922684993,3.78789455499611,"Bx4","Protein (CD3+)"
808.080808080808,693.613616970366,-4.14007789397954,4.25612247126617,"Bx4","Protein (CD3+)"
818.181818181818,693.939189878792,-4.26673658300581,4.20001981687119,"Bx4","Protein (CD3+)"
828.282828282828,694.3068486365,-4.16423167692449,4.08962724457069,"Bx4","Protein (CD3+)"
838.383838383838,694.871860793701,-3.85675604545543,4.11033707770196,"Bx4","Protein (CD3+)"
848.484848484848,695.839022295724,-3.65459668276628,4.20830388781951,"Bx4","Protein (CD3+)"
858.585858585859,696.862255939366,-3.55078904791628,4.09007190669627,"Bx4","Protein (CD3+)"
868.686868686869,697.965370204857,-3.70587029629166,4.11247479837903,"Bx4","Protein (CD3+)"
878.787878787879,698.809056072663,-3.71433048265885,4.12104152964196,"Bx4","Protein (CD3+)"
888.888888888889,699.963842631349,-4.04098729471946,4.20250094287417,"Bx4","Protein (CD3+)"
898.989898989899,701.128883692796,-4.24764521644897,4.4291315121186,"Bx4","Protein (CD3+)"
909.090909090909,701.852885974331,-4.30522314497,4.444325395644,"Bx4","Protein (CD3+)"
919.191919191919,702.785745709435,-4.24013246129221,4.2913196475447,"Bx4","Protein (CD3+)"
929.292929292929,703.508547594835,-4.37843301874602,4.28219282781026,"Bx4","Protein (CD3+)"
939.393939393939,704.038784964926,-4.18909432937733,4.5153296872196,"Bx4","Protein (CD3+)"
949.494949494949,704.518267599939,-4.12277672318623,4.54620977170885,"Bx4","Protein (CD3+)"
959.59595959596,705.291649021109,-4.25701352577073,4.65278337713994,"Bx4","Protein (CD3+)"
969.69696969697,706.413794860105,-4.63995980925961,4.61565175061662,"Bx4","Protein (CD3+)"
979.79797979798,707.548097032546,-4.57767782326687,4.41233737854509,"Bx4","Protein (CD3+)"
989.89898989899,708.348096811154,-4.5298344295328,4.61339559279418,"Bx4","Protein (CD3+)"
1000,708.919446807705,-4.56851104892928,4.31452906131653,"Bx4","Protein (CD3+)"
